Mfg_Part_Num,Part_Desc,Part_Manuf,Detected_Category,Product_Name,Overall_Confidence,Needs_Review_Count,Total_Fields,Extracted_Fields_JSON,Processed_At
DCB518ASTS06G,"DCB518ASTS06G Diablo 1/2""x18"" - Sanding Belt 6pc",Freud Inc (2435),industrial_pump,Manufacturer Part Number: DCB518ASTS06G,0,7,7,"{""manufacturer"": {""value"": ""Part Number: DCB518ASTS06G"", ""unit"": null, ""confidence"": 55, ""reasoning"": ""Demo mode: found keyword match"", ""status"": ""needs_review""}, ""model_number"": {""value"": null, ""unit"": null, ""confidence"": 0, ""reasoning"": ""Demo mode: no match found in source text | Required field with no value \u2014 needs manual entry."", ""status"": ""needs_review""}, ""pump_type"": {""value"": null, ""unit"": null, ""confidence"": 0, ""reasoning"": ""Demo mode: no match found in source text | Required field with no value \u2014 needs manual entry."", ""status"": ""needs_review""}, ""flow_rate"": {""value"": null, ""unit"": ""m\u00b3/h"", ""confidence"": 0, ""reasoning"": ""Demo mode: no match found in source text | Required field with no value \u2014 needs manual entry."", ""status"": ""needs_review""}, ""head_pressure"": {""value"": null, ""unit"": ""m"", ""confidence"": 0, ""reasoning"": ""Demo mode: no match found in source text | Required field with no value \u2014 needs manual entry."", ""status"": ""needs_review""}, ""power_rating"": {""value"": null, ""unit"": ""kW"", ""confidence"": 0, ""reasoning"": ""Demo mode: no match found in source text | Required field with no value \u2014 needs manual entry."", ""status"": ""needs_review""}, ""material_body"": {""value"": null, ""unit"": null, ""confidence"": 0, ""reasoning"": ""Demo mode: no match found in source text | Required field with no value \u2014 needs manual entry."", ""status"": ""needs_review""}}",2026-08-21T16:49:48.951929+00:00
3MABR-7100075678,3M 775L Stikit Film P150 - Cubitron II 50 Disc/Box,Jam Industrial Supply LLC (JAMIN),industrial_pump,Manufacturer Part Number: 3MABR-7100075678,0,7,7,"{""manufacturer"": {""value"": ""Part Number: 3MABR-7100075678"", ""unit"": null, ""confidence"": 55, ""reasoning"": ""Demo mode: found keyword match"", ""status"": ""needs_review""}, ""model_number"": {""value"": null, ""unit"": null, ""confidence"": 0, ""reasoning"": ""Demo mode: no match found in source text | Required field with no value \u2014 needs manual entry."", ""status"": ""needs_review""}, ""pump_type"": {""value"": null, ""unit"": null, ""confidence"": 0, ""reasoning"": ""Demo mode: no match found in source text | Required field with no value \u2014 needs manual entry."", ""status"": ""needs_review""}, ""flow_rate"": {""value"": null, ""unit"": ""m\u00b3/h"", ""confidence"": 0, ""reasoning"": ""Demo mode: no match found in source text | Required field with no value \u2014 needs manual entry."", ""status"": ""needs_review""}, ""head_pressure"": {""value"": null, ""unit"": ""m"", ""confidence"": 0, ""reasoning"": ""Demo mode: no match found in source text | Required field with no value \u2014 needs manual entry."", ""status"": ""needs_review""}, ""power_rating"": {""value"": null, ""unit"": ""kW"", ""confidence"": 0, ""reasoning"": ""Demo mode: no match found in source text | Required field with no value \u2014 needs manual entry."", ""status"": ""needs_review""}, ""material_body"": {""value"": null, ""unit"": null, ""confidence"": 0, ""reasoning"": ""Demo mode: no match found in source text | Required field with no value \u2014 needs manual entry."", ""status"": ""needs_review""}}",2026-08-21T16:49:48.952468+00:00
3MABR-7100045865,3M 775L Stikit Film P120 - Cubitron II 50 Disc/Box,Jam Industrial Supply LLC (JAMIN),industrial_pump,Manufacturer Part Number: 3MABR-7100045865,0,7,7,"{""manufacturer"": {""value"": ""Part Number: 3MABR-7100045865"", ""unit"": null, ""confidence"": 55, ""reasoning"": ""Demo mode: found keyword match"", ""status"": ""needs_review""}, ""model_number"": {""value"": null, ""unit"": null, ""confidence"": 0, ""reasoning"": ""Demo mode: no match found in source text | Required field with no value \u2014 needs manual entry."", ""status"": ""needs_review""}, ""pump_type"": {""value"": null, ""unit"": null, ""confidence"": 0, ""reasoning"": ""Demo mode: no match found in source text | Required field with no value \u2014 needs manual entry."", ""status"": ""needs_review""}, ""flow_rate"": {""value"": null, ""unit"": ""m\u00b3/h"", ""confidence"": 0, ""reasoning"": ""Demo mode: no match found in source text | Required field with no value \u2014 needs manual entry."", ""status"": ""needs_review""}, ""head_pressure"": {""value"": null, ""unit"": ""m"", ""confidence"": 0, ""reasoning"": ""Demo mode: no match found in source text | Required field with no value \u2014 needs manual entry."", ""status"": ""needs_review""}, ""power_rating"": {""value"": null, ""unit"": ""kW"", ""confidence"": 0, ""reasoning"": ""Demo mode: no match found in source text | Required field with no value \u2014 needs manual entry."", ""status"": ""needs_review""}, ""material_body"": {""value"": null, ""unit"": null, ""confidence"": 0, ""reasoning"": ""Demo mode: no match found in source text | Required field with no value \u2014 needs manual entry."", ""status"": ""needs_review""}}",2026-08-21T16:49:48.952955+00:00
3MABR-7100048736,3M 775L Stikit Film P80 - Cubitron II 50 Disc/Box,Jam Industrial Supply LLC (JAMIN),industrial_pump,Manufacturer Part Number: 3MABR-7100048736,0,7,7,"{""manufacturer"": {""value"": ""Part Number: 3MABR-7100048736"", ""unit"": null, ""confidence"": 55, ""reasoning"": ""Demo mode: found keyword match"", ""status"": ""needs_review""}, ""model_number"": {""value"": null, ""unit"": null, ""confidence"": 0, ""reasoning"": ""Demo mode: no match found in source text | Required field with no value \u2014 needs manual entry."", ""status"": ""needs_review""}, ""pump_type"": {""value"": null, ""unit"": null, ""confidence"": 0, ""reasoning"": ""Demo mode: no match found in source text | Required field with no value \u2014 needs manual entry."", ""status"": ""needs_review""}, ""flow_rate"": {""value"": null, ""unit"": ""m\u00b3/h"", ""confidence"": 0, ""reasoning"": ""Demo mode: no match found in source text | Required field with no value \u2014 needs manual entry."", ""status"": ""needs_review""}, ""head_pressure"": {""value"": null, ""unit"": ""m"", ""confidence"": 0, ""reasoning"": ""Demo mode: no match found in source text | Required field with no value \u2014 needs manual entry."", ""status"": ""needs_review""}, ""power_rating"": {""value"": null, ""unit"": ""kW"", ""confidence"": 0, ""reasoning"": ""Demo mode: no match found in source text | Required field with no value \u2014 needs manual entry."", ""status"": ""needs_review""}, ""material_body"": {""value"": null, ""unit"": null, ""confidence"": 0, ""reasoning"": ""Demo mode: no match found in source text | Required field with no value \u2014 needs manual entry."", ""status"": ""needs_review""}}",2026-08-21T16:49:48.953425+00:00
3MABR-7100075690,3M 775L Stikit Film P180 - Cubitron II 50 Disc/Box,Jam Industrial Supply LLC (JAMIN),industrial_pump,Manufacturer Part Number: 3MABR-7100075690,0,7,7,"{""manufacturer"": {""value"": ""Part Number: 3MABR-7100075690"", ""unit"": null, ""confidence"": 55, ""reasoning"": ""Demo mode: found keyword match"", ""status"": ""needs_review""}, ""model_number"": {""value"": null, ""unit"": null, ""confidence"": 0, ""reasoning"": ""Demo mode: no match found in source text | Required field with no value \u2014 needs manual entry."", ""status"": ""needs_review""}, ""pump_type"": {""value"": null, ""unit"": null, ""confidence"": 0, ""reasoning"": ""Demo mode: no match found in source text | Required field with no value \u2014 needs manual entry."", ""status"": ""needs_review""}, ""flow_rate"": {""value"": null, ""unit"": ""m\u00b3/h"", ""confidence"": 0, ""reasoning"": ""Demo mode: no match found in source text | Required field with no value \u2014 needs manual entry."", ""status"": ""needs_review""}, ""head_pressure"": {""value"": null, ""unit"": ""m"", ""confidence"": 0, ""reasoning"": ""Demo mode: no match found in source text | Required field with no value \u2014 needs manual entry."", ""status"": ""needs_review""}, ""power_rating"": {""value"": null, ""unit"": ""kW"", ""confidence"": 0, ""reasoning"": ""Demo mode: no match found in source text | Required field with no value \u2014 needs manual entry."", ""status"": ""needs_review""}, ""material_body"": {""value"": null, ""unit"": null, ""confidence"": 0, ""reasoning"": ""Demo mode: no match found in source text | Required field with no value \u2014 needs manual entry."", ""status"": ""needs_review""}}",2026-08-21T16:49:48.953892+00:00
3MABR-7100075692,3M 775L Stikit Film P220 - Cubitron II 50 Disc/Box,Jam Industrial Supply LLC (JAMIN),industrial_pump,Manufacturer Part Number: 3MABR-7100075692,0,7,7,"{""manufacturer"": {""value"": ""Part Number: 3MABR-7100075692"", ""unit"": null, ""confidence"": 55, ""reasoning"": ""Demo mode: found keyword match"", ""status"": ""needs_review""}, ""model_number"": {""value"": null, ""unit"": null, ""confidence"": 0, ""reasoning"": ""Demo mode: no match found in source text | Required field with no value \u2014 needs manual entry."", ""status"": ""needs_review""}, ""pump_type"": {""value"": null, ""unit"": null, ""confidence"": 0, ""reasoning"": ""Demo mode: no match found in source text | Required field with no value \u2014 needs manual entry."", ""status"": ""needs_review""}, ""flow_rate"": {""value"": null, ""unit"": ""m\u00b3/h"", ""confidence"": 0, ""reasoning"": ""Demo mode: no match found in source text | Required field with no value \u2014 needs manual entry."", ""status"": ""needs_review""}, ""head_pressure"": {""value"": null, ""unit"": ""m"", ""confidence"": 0, ""reasoning"": ""Demo mode: no match found in source text | Required field with no value \u2014 needs manual entry."", ""status"": ""needs_review""}, ""power_rating"": {""value"": null, ""unit"": ""kW"", ""confidence"": 0, ""reasoning"": ""Demo mode: no match found in source text | Required field with no value \u2014 needs manual entry."", ""status"": ""needs_review""}, ""material_body"": {""value"": null, ""unit"": null, ""confidence"": 0, ""reasoning"": ""Demo mode: no match found in source text | Required field with no value \u2014 needs manual entry."", ""status"": ""needs_review""}}",2026-08-21T16:49:48.954353+00:00
3MABR-7100145365,3M 775L Stikit Film P320 - Cubitron II 50 Disc/Box,Jam Industrial Supply LLC (JAMIN),industrial_pump,Manufacturer Part Number: 3MABR-7100145365,0,7,7,"{""manufacturer"": {""value"": ""Part Number: 3MABR-7100145365"", ""unit"": null, ""confidence"": 55, ""reasoning"": ""Demo mode: found keyword match"", ""status"": ""needs_review""}, ""model_number"": {""value"": null, ""unit"": null, ""confidence"": 0, ""reasoning"": ""Demo mode: no match found in source text | Required field with no value \u2014 needs manual entry."", ""status"": ""needs_review""}, ""pump_type"": {""value"": null, ""unit"": null, ""confidence"": 0, ""reasoning"": ""Demo mode: no match found in source text | Required field with no value \u2014 needs manual entry."", ""status"": ""needs_review""}, ""flow_rate"": {""value"": null, ""unit"": ""m\u00b3/h"", ""confidence"": 0, ""reasoning"": ""Demo mode: no match found in source text | Required field with no value \u2014 needs manual entry."", ""status"": ""needs_review""}, ""head_pressure"": {""value"": null, ""unit"": ""m"", ""confidence"": 0, ""reasoning"": ""Demo mode: no match found in source text | Required field with no value \u2014 needs manual entry."", ""status"": ""needs_review""}, ""power_rating"": {""value"": null, ""unit"": ""kW"", ""confidence"": 0, ""reasoning"": ""Demo mode: no match found in source text | Required field with no value \u2014 needs manual entry."", ""status"": ""needs_review""}, ""material_body"": {""value"": null, ""unit"": null, ""confidence"": 0, ""reasoning"": ""Demo mode: no match found in source text | Required field with no value \u2014 needs manual entry."", ""status"": ""needs_review""}}",2026-08-21T16:49:48.954811+00:00
5B-332-080,"5B-332-080 HIOLIT 5"" P80",Mirka Abrasives Inc (MIRUS),industrial_pump,Manufacturer Part Number: 5B-332-080,0,7,7,"{""manufacturer"": {""value"": ""Part Number: 5B-332-080"", ""unit"": null, ""confidence"": 55, ""reasoning"": ""Demo mode: found keyword match"", ""status"": ""needs_review""}, ""model_number"": {""value"": null, ""unit"": null, ""confidence"": 0, ""reasoning"": ""Demo mode: no match found in source text | Required field with no value \u2014 needs manual entry."", ""status"": ""needs_review""}, ""pump_type"": {""value"": null, ""unit"": null, ""confidence"": 0, ""reasoning"": ""Demo mode: no match found in source text | Required field with no value \u2014 needs manual entry."", ""status"": ""needs_review""}, ""flow_rate"": {""value"": null, ""unit"": ""m\u00b3/h"", ""confidence"": 0, ""reasoning"": ""Demo mode: no match found in source text | Required field with no value \u2014 needs manual entry."", ""status"": ""needs_review""}, ""head_pressure"": {""value"": null, ""unit"": ""m"", ""confidence"": 0, ""reasoning"": ""Demo mode: no match found in source text | Required field with no value \u2014 needs manual entry."", ""status"": ""needs_review""}, ""power_rating"": {""value"": null, ""unit"": ""kW"", ""confidence"": 0, ""reasoning"": ""Demo mode: no match found in source text | Required field with no value \u2014 needs manual entry."", ""status"": ""needs_review""}, ""material_body"": {""value"": null, ""unit"": null, ""confidence"": 0, ""reasoning"": ""Demo mode: no match found in source text | Required field with no value \u2014 needs manual entry."", ""status"": ""needs_review""}}",2026-08-21T16:49:48.955253+00:00
5B-332-120,"5B-332-120 HIOLIT 5"" P120",Mirka Abrasives Inc (MIRUS),industrial_pump,Manufacturer Part Number: 5B-332-120,0,7,7,"{""manufacturer"": {""value"": ""Part Number: 5B-332-120"", ""unit"": null, ""confidence"": 55, ""reasoning"": ""Demo mode: found keyword match"", ""status"": ""needs_review""}, ""model_number"": {""value"": null, ""unit"": null, ""confidence"": 0, ""reasoning"": ""Demo mode: no match found in source text | Required field with no value \u2014 needs manual entry."", ""status"": ""needs_review""}, ""pump_type"": {""value"": null, ""unit"": null, ""confidence"": 0, ""reasoning"": ""Demo mode: no match found in source text | Required field with no value \u2014 needs manual entry."", ""status"": ""needs_review""}, ""flow_rate"": {""value"": null, ""unit"": ""m\u00b3/h"", ""confidence"": 0, ""reasoning"": ""Demo mode: no match found in source text | Required field with no value \u2014 needs manual entry."", ""status"": ""needs_review""}, ""head_pressure"": {""value"": null, ""unit"": ""m"", ""confidence"": 0, ""reasoning"": ""Demo mode: no match found in source text | Required field with no value \u2014 needs manual entry."", ""status"": ""needs_review""}, ""power_rating"": {""value"": null, ""unit"": ""kW"", ""confidence"": 0, ""reasoning"": ""Demo mode: no match found in source text | Required field with no value \u2014 needs manual entry."", ""status"": ""needs_review""}, ""material_body"": {""value"": null, ""unit"": null, ""confidence"": 0, ""reasoning"": ""Demo mode: no match found in source text | Required field with no value \u2014 needs manual entry."", ""status"": ""needs_review""}}",2026-08-21T16:49:48.955900+00:00
9A-570-240,9A-570-240 Abranet 2.75x30,Mirka Abrasives Inc (MIRUS),industrial_pump,Manufacturer Part Number: 9A-570-240,0,7,7,"{""manufacturer"": {""value"": ""Part Number: 9A-570-240"", ""unit"": null, ""confidence"": 55, ""reasoning"": ""Demo mode: found keyword match"", ""status"": ""needs_review""}, ""model_number"": {""value"": null, ""unit"": null, ""confidence"": 0, ""reasoning"": ""Demo mode: no match found in source text | Required field with no value \u2014 needs manual entry."", ""status"": ""needs_review""}, ""pump_type"": {""value"": null, ""unit"": null, ""confidence"": 0, ""reasoning"": ""Demo mode: no match found in source text | Required field with no value \u2014 needs manual entry."", ""status"": ""needs_review""}, ""flow_rate"": {""value"": null, ""unit"": ""m\u00b3/h"", ""confidence"": 0, ""reasoning"": ""Demo mode: no match found in source text | Required field with no value \u2014 needs manual entry."", ""status"": ""needs_review""}, ""head_pressure"": {""value"": null, ""unit"": ""m"", ""confidence"": 0, ""reasoning"": ""Demo mode: no match found in source text | Required field with no value \u2014 needs manual entry."", ""status"": ""needs_review""}, ""power_rating"": {""value"": null, ""unit"": ""kW"", ""confidence"": 0, ""reasoning"": ""Demo mode: no match found in source text | Required field with no value \u2014 needs manual entry."", ""status"": ""needs_review""}, ""material_body"": {""value"": null, ""unit"": null, ""confidence"": 0, ""reasoning"": ""Demo mode: no match found in source text | Required field with no value \u2014 needs manual entry."", ""status"": ""needs_review""}}",2026-08-21T16:49:48.956440+00:00
9A-570-320,9A-570-320 Abranet 2.75x30,Mirka Abrasives Inc (MIRUS),industrial_pump,Manufacturer Part Number: 9A-570-320,0,7,7,"{""manufacturer"": {""value"": ""Part Number: 9A-570-320"", ""unit"": null, ""confidence"": 55, ""reasoning"": ""Demo mode: found keyword match"", ""status"": ""needs_review""}, ""model_number"": {""value"": null, ""unit"": null, ""confidence"": 0, ""reasoning"": ""Demo mode: no match found in source text | Required field with no value \u2014 needs manual entry."", ""status"": ""needs_review""}, ""pump_type"": {""value"": null, ""unit"": null, ""confidence"": 0, ""reasoning"": ""Demo mode: no match found in source text | Required field with no value \u2014 needs manual entry."", ""status"": ""needs_review""}, ""flow_rate"": {""value"": null, ""unit"": ""m\u00b3/h"", ""confidence"": 0, ""reasoning"": ""Demo mode: no match found in source text | Required field with no value \u2014 needs manual entry."", ""status"": ""needs_review""}, ""head_pressure"": {""value"": null, ""unit"": ""m"", ""confidence"": 0, ""reasoning"": ""Demo mode: no match found in source text | Required field with no value \u2014 needs manual entry."", ""status"": ""needs_review""}, ""power_rating"": {""value"": null, ""unit"": ""kW"", ""confidence"": 0, ""reasoning"": ""Demo mode: no match found in source text | Required field with no value \u2014 needs manual entry."", ""status"": ""needs_review""}, ""material_body"": {""value"": null, ""unit"": null, ""confidence"": 0, ""reasoning"": ""Demo mode: no match found in source text | Required field with no value \u2014 needs manual entry."", ""status"": ""needs_review""}}",2026-08-21T16:49:48.956926+00:00
DBD090094101F,"DBD090094101F Diablo 9"" - Metal Cut-Off Disc",Freud Inc (2435),industrial_pump,Manufacturer Part Number: DBD090094101F,0,7,7,"{""manufacturer"": {""value"": ""Part Number: DBD090094101F"", ""unit"": null, ""confidence"": 55, ""reasoning"": ""Demo mode: found keyword match"", ""status"": ""needs_review""}, ""model_number"": {""value"": null, ""unit"": null, ""confidence"": 0, ""reasoning"": ""Demo mode: no match found in source text | Required field with no value \u2014 needs manual entry."", ""status"": ""needs_review""}, ""pump_type"": {""value"": null, ""unit"": null, ""confidence"": 0, ""reasoning"": ""Demo mode: no match found in source text | Required field with no value \u2014 needs manual entry."", ""status"": ""needs_review""}, ""flow_rate"": {""value"": null, ""unit"": ""m\u00b3/h"", ""confidence"": 0, ""reasoning"": ""Demo mode: no match found in source text | Required field with no value \u2014 needs manual entry."", ""status"": ""needs_review""}, ""head_pressure"": {""value"": null, ""unit"": ""m"", ""confidence"": 0, ""reasoning"": ""Demo mode: no match found in source text | Required field with no value \u2014 needs manual entry."", ""status"": ""needs_review""}, ""power_rating"": {""value"": null, ""unit"": ""kW"", ""confidence"": 0, ""reasoning"": ""Demo mode: no match found in source text | Required field with no value \u2014 needs manual entry."", ""status"": ""needs_review""}, ""material_body"": {""value"": null, ""unit"": null, ""confidence"": 0, ""reasoning"": ""Demo mode: no match found in source text | Required field with no value \u2014 needs manual entry."", ""status"": ""needs_review""}}",2026-08-21T16:49:48.957383+00:00
DBDS12125A01F,"DBDS12125A01F Diablo 12"" - Steel Demon Metal Cut-Off Disc",Freud Inc (2435),industrial_pump,Manufacturer Part Number: DBDS12125A01F,0,7,7,"{""manufacturer"": {""value"": ""Part Number: DBDS12125A01F"", ""unit"": null, ""confidence"": 55, ""reasoning"": ""Demo mode: found keyword match"", ""status"": ""needs_review""}, ""model_number"": {""value"": null, ""unit"": null, ""confidence"": 0, ""reasoning"": ""Demo mode: no match found in source text | Required field with no value \u2014 needs manual entry."", ""status"": ""needs_review""}, ""pump_type"": {""value"": null, ""unit"": null, ""confidence"": 0, ""reasoning"": ""Demo mode: no match found in source text | Required field with no value \u2014 needs manual entry."", ""status"": ""needs_review""}, ""flow_rate"": {""value"": null, ""unit"": ""m\u00b3/h"", ""confidence"": 0, ""reasoning"": ""Demo mode: no match found in source text | Required field with no value \u2014 needs manual entry."", ""status"": ""needs_review""}, ""head_pressure"": {""value"": null, ""unit"": ""m"", ""confidence"": 0, ""reasoning"": ""Demo mode: no match found in source text | Required field with no value \u2014 needs manual entry."", ""status"": ""needs_review""}, ""power_rating"": {""value"": null, ""unit"": ""kW"", ""confidence"": 0, ""reasoning"": ""Demo mode: no match found in source text | Required field with no value \u2014 needs manual entry."", ""status"": ""needs_review""}, ""material_body"": {""value"": null, ""unit"": null, ""confidence"": 0, ""reasoning"": ""Demo mode: no match found in source text | Required field with no value \u2014 needs manual entry."", ""status"": ""needs_review""}}",2026-08-21T16:49:48.957832+00:00
DBDS12125G01F,"DBDS12125G01F Diablo 12""x20mm - Speed Demon Metal Cut-Off Disc",Freud Inc (2435),industrial_pump,Manufacturer Part Number: DBDS12125G01F,0,7,7,"{""manufacturer"": {""value"": ""Part Number: DBDS12125G01F"", ""unit"": null, ""confidence"": 55, ""reasoning"": ""Demo mode: found keyword match"", ""status"": ""needs_review""}, ""model_number"": {""value"": null, ""unit"": null, ""confidence"": 0, ""reasoning"": ""Demo mode: no match found in source text | Required field with no value \u2014 needs manual entry."", ""status"": ""needs_review""}, ""pump_type"": {""value"": null, ""unit"": null, ""confidence"": 0, ""reasoning"": ""Demo mode: no match found in source text | Required field with no value \u2014 needs manual entry."", ""status"": ""needs_review""}, ""flow_rate"": {""value"": null, ""unit"": ""m\u00b3/h"", ""confidence"": 0, ""reasoning"": ""Demo mode: no match found in source text | Required field with no value \u2014 needs manual entry."", ""status"": ""needs_review""}, ""head_pressure"": {""value"": null, ""unit"": ""m"", ""confidence"": 0, ""reasoning"": ""Demo mode: no match found in source text | Required field with no value \u2014 needs manual entry."", ""status"": ""needs_review""}, ""power_rating"": {""value"": null, ""unit"": ""kW"", ""confidence"": 0, ""reasoning"": ""Demo mode: no match found in source text | Required field with no value \u2014 needs manual entry."", ""status"": ""needs_review""}, ""material_body"": {""value"": null, ""unit"": null, ""confidence"": 0, ""reasoning"": ""Demo mode: no match found in source text | Required field with no value \u2014 needs manual entry."", ""status"": ""needs_review""}}",2026-08-21T16:49:48.958245+00:00
DBDS14125A01F,"DBDS14125A01F Diablo 14""x1"" - Steel Demon Metal Cut-Off Disc",Freud Inc (2435),industrial_pump,Manufacturer Part Number: DBDS14125A01F,0,7,7,"{""manufacturer"": {""value"": ""Part Number: DBDS14125A01F"", ""unit"": null, ""confidence"": 55, ""reasoning"": ""Demo mode: found keyword match"", ""status"": ""needs_review""}, ""model_number"": {""value"": null, ""unit"": null, ""confidence"": 0, ""reasoning"": ""Demo mode: no match found in source text | Required field with no value \u2014 needs manual entry."", ""status"": ""needs_review""}, ""pump_type"": {""value"": null, ""unit"": null, ""confidence"": 0, ""reasoning"": ""Demo mode: no match found in source text | Required field with no value \u2014 needs manual entry."", ""status"": ""needs_review""}, ""flow_rate"": {""value"": null, ""unit"": ""m\u00b3/h"", ""confidence"": 0, ""reasoning"": ""Demo mode: no match found in source text | Required field with no value \u2014 needs manual entry."", ""status"": ""needs_review""}, ""head_pressure"": {""value"": null, ""unit"": ""m"", ""confidence"": 0, ""reasoning"": ""Demo mode: no match found in source text | Required field with no value \u2014 needs manual entry."", ""status"": ""needs_review""}, ""power_rating"": {""value"": null, ""unit"": ""kW"", ""confidence"": 0, ""reasoning"": ""Demo mode: no match found in source text | Required field with no value \u2014 needs manual entry."", ""status"": ""needs_review""}, ""material_body"": {""value"": null, ""unit"": null, ""confidence"": 0, ""reasoning"": ""Demo mode: no match found in source text | Required field with no value \u2014 needs manual entry."", ""status"": ""needs_review""}}",2026-08-21T16:49:48.958689+00:00
DBDS14125G01F,"DBDS14125G01F Diablo 14""x20mm - Steel Demon Metal Cut-Off Disc",Freud Inc (2435),industrial_pump,Manufacturer Part Number: DBDS14125G01F,0,7,7,"{""manufacturer"": {""value"": ""Part Number: DBDS14125G01F"", ""unit"": null, ""confidence"": 55, ""reasoning"": ""Demo mode: found keyword match"", ""status"": ""needs_review""}, ""model_number"": {""value"": null, ""unit"": null, ""confidence"": 0, ""reasoning"": ""Demo mode: no match found in source text | Required field with no value \u2014 needs manual entry."", ""status"": ""needs_review""}, ""pump_type"": {""value"": null, ""unit"": null, ""confidence"": 0, ""reasoning"": ""Demo mode: no match found in source text | Required field with no value \u2014 needs manual entry."", ""status"": ""needs_review""}, ""flow_rate"": {""value"": null, ""unit"": ""m\u00b3/h"", ""confidence"": 0, ""reasoning"": ""Demo mode: no match found in source text | Required field with no value \u2014 needs manual entry."", ""status"": ""needs_review""}, ""head_pressure"": {""value"": null, ""unit"": ""m"", ""confidence"": 0, ""reasoning"": ""Demo mode: no match found in source text | Required field with no value \u2014 needs manual entry."", ""status"": ""needs_review""}, ""power_rating"": {""value"": null, ""unit"": ""kW"", ""confidence"": 0, ""reasoning"": ""Demo mode: no match found in source text | Required field with no value \u2014 needs manual entry."", ""status"": ""needs_review""}, ""material_body"": {""value"": null, ""unit"": null, ""confidence"": 0, ""reasoning"": ""Demo mode: no match found in source text | Required field with no value \u2014 needs manual entry."", ""status"": ""needs_review""}}",2026-08-21T16:49:48.959087+00:00
49-94-0013,"49-94-0013 Milw 5""x.045""x7/8"" Metal Cut Off Disc",Milwaukee Accessory (4031),industrial_pump,Manufacturer Part Number: 49-94-0013,0,7,7,"{""manufacturer"": {""value"": ""Part Number: 49-94-0013"", ""unit"": null, ""confidence"": 55, ""reasoning"": ""Demo mode: found keyword match"", ""status"": ""needs_review""}, ""model_number"": {""value"": null, ""unit"": null, ""confidence"": 0, ""reasoning"": ""Demo mode: no match found in source text | Required field with no value \u2014 needs manual entry."", ""status"": ""needs_review""}, ""pump_type"": {""value"": null, ""unit"": null, ""confidence"": 0, ""reasoning"": ""Demo mode: no match found in source text | Required field with no value \u2014 needs manual entry."", ""status"": ""needs_review""}, ""flow_rate"": {""value"": null, ""unit"": ""m\u00b3/h"", ""confidence"": 0, ""reasoning"": ""Demo mode: no match found in source text | Required field with no value \u2014 needs manual entry."", ""status"": ""needs_review""}, ""head_pressure"": {""value"": null, ""unit"": ""m"", ""confidence"": 0, ""reasoning"": ""Demo mode: no match found in source text | Required field with no value \u2014 needs manual entry."", ""status"": ""needs_review""}, ""power_rating"": {""value"": null, ""unit"": ""kW"", ""confidence"": 0, ""reasoning"": ""Demo mode: no match found in source text | Required field with no value \u2014 needs manual entry."", ""status"": ""needs_review""}, ""material_body"": {""value"": null, ""unit"": null, ""confidence"": 0, ""reasoning"": ""Demo mode: no match found in source text | Required field with no value \u2014 needs manual entry."", ""status"": ""needs_review""}}",2026-08-21T16:49:48.959564+00:00
49-94-0029,"49-94-0029 Milw 6-1/2""x1/8""x5/8"" DKO Metal Cut Off Disc",Milwaukee Accessory (4031),industrial_pump,Manufacturer Part Number: 49-94-0029,0,7,7,"{""manufacturer"": {""value"": ""Part Number: 49-94-0029"", ""unit"": null, ""confidence"": 55, ""reasoning"": ""Demo mode: found keyword match"", ""status"": ""needs_review""}, ""model_number"": {""value"": null, ""unit"": null, ""confidence"": 0, ""reasoning"": ""Demo mode: no match found in source text | Required field with no value \u2014 needs manual entry."", ""status"": ""needs_review""}, ""pump_type"": {""value"": null, ""unit"": null, ""confidence"": 0, ""reasoning"": ""Demo mode: no match found in source text | Required field with no value \u2014 needs manual entry."", ""status"": ""needs_review""}, ""flow_rate"": {""value"": null, ""unit"": ""m\u00b3/h"", ""confidence"": 0, ""reasoning"": ""Demo mode: no match found in source text | Required field with no value \u2014 needs manual entry."", ""status"": ""needs_review""}, ""head_pressure"": {""value"": null, ""unit"": ""m"", ""confidence"": 0, ""reasoning"": ""Demo mode: no match found in source text | Required field with no value \u2014 needs manual entry."", ""status"": ""needs_review""}, ""power_rating"": {""value"": null, ""unit"": ""kW"", ""confidence"": 0, ""reasoning"": ""Demo mode: no match found in source text | Required field with no value \u2014 needs manual entry."", ""status"": ""needs_review""}, ""material_body"": {""value"": null, ""unit"": null, ""confidence"": 0, ""reasoning"": ""Demo mode: no match found in source text | Required field with no value \u2014 needs manual entry."", ""status"": ""needs_review""}}",2026-08-21T16:49:48.960068+00:00
49-94-0033,"49-94-0033 Milw 7""x1/16""x7/8"" Metal Cut Off Disc",Milwaukee Accessory (4031),industrial_pump,Manufacturer Part Number: 49-94-0033,0,7,7,"{""manufacturer"": {""value"": ""Part Number: 49-94-0033"", ""unit"": null, ""confidence"": 55, ""reasoning"": ""Demo mode: found keyword match"", ""status"": ""needs_review""}, ""model_number"": {""value"": null, ""unit"": null, ""confidence"": 0, ""reasoning"": ""Demo mode: no match found in source text | Required field with no value \u2014 needs manual entry."", ""status"": ""needs_review""}, ""pump_type"": {""value"": null, ""unit"": null, ""confidence"": 0, ""reasoning"": ""Demo mode: no match found in source text | Required field with no value \u2014 needs manual entry."", ""status"": ""needs_review""}, ""flow_rate"": {""value"": null, ""unit"": ""m\u00b3/h"", ""confidence"": 0, ""reasoning"": ""Demo mode: no match found in source text | Required field with no value \u2014 needs manual entry."", ""status"": ""needs_review""}, ""head_pressure"": {""value"": null, ""unit"": ""m"", ""confidence"": 0, ""reasoning"": ""Demo mode: no match found in source text | Required field with no value \u2014 needs manual entry."", ""status"": ""needs_review""}, ""power_rating"": {""value"": null, ""unit"": ""kW"", ""confidence"": 0, ""reasoning"": ""Demo mode: no match found in source text | Required field with no value \u2014 needs manual entry."", ""status"": ""needs_review""}, ""material_body"": {""value"": null, ""unit"": null, ""confidence"": 0, ""reasoning"": ""Demo mode: no match found in source text | Required field with no value \u2014 needs manual entry."", ""status"": ""needs_review""}}",2026-08-21T16:49:48.960577+00:00
49-94-0001,"49-94-0001 Milw 4""x.040""x5/8"" Metal Cut Off Disc",Milwaukee Accessory (4031),industrial_pump,Manufacturer Part Number: 49-94-0001,0,7,7,"{""manufacturer"": {""value"": ""Part Number: 49-94-0001"", ""unit"": null, ""confidence"": 55, ""reasoning"": ""Demo mode: found keyword match"", ""status"": ""needs_review""}, ""model_number"": {""value"": null, ""unit"": null, ""confidence"": 0, ""reasoning"": ""Demo mode: no match found in source text | Required field with no value \u2014 needs manual entry."", ""status"": ""needs_review""}, ""pump_type"": {""value"": null, ""unit"": null, ""confidence"": 0, ""reasoning"": ""Demo mode: no match found in source text | Required field with no value \u2014 needs manual entry."", ""status"": ""needs_review""}, ""flow_rate"": {""value"": null, ""unit"": ""m\u00b3/h"", ""confidence"": 0, ""reasoning"": ""Demo mode: no match found in source text | Required field with no value \u2014 needs manual entry."", ""status"": ""needs_review""}, ""head_pressure"": {""value"": null, ""unit"": ""m"", ""confidence"": 0, ""reasoning"": ""Demo mode: no match found in source text | Required field with no value \u2014 needs manual entry."", ""status"": ""needs_review""}, ""power_rating"": {""value"": null, ""unit"": ""kW"", ""confidence"": 0, ""reasoning"": ""Demo mode: no match found in source text | Required field with no value \u2014 needs manual entry."", ""status"": ""needs_review""}, ""material_body"": {""value"": null, ""unit"": null, ""confidence"": 0, ""reasoning"": ""Demo mode: no match found in source text | Required field with no value \u2014 needs manual entry."", ""status"": ""needs_review""}}",2026-08-21T16:49:48.961076+00:00
49-94-0039,"49-94-0039 Milw 7""x1/8""x5/8"" DKO Metal Cut Off Disc",Milwaukee Accessory (4031),industrial_pump,Manufacturer Part Number: 49-94-0039,0,7,7,"{""manufacturer"": {""value"": ""Part Number: 49-94-0039"", ""unit"": null, ""confidence"": 55, ""reasoning"": ""Demo mode: found keyword match"", ""status"": ""needs_review""}, ""model_number"": {""value"": null, ""unit"": null, ""confidence"": 0, ""reasoning"": ""Demo mode: no match found in source text | Required field with no value \u2014 needs manual entry."", ""status"": ""needs_review""}, ""pump_type"": {""value"": null, ""unit"": null, ""confidence"": 0, ""reasoning"": ""Demo mode: no match found in source text | Required field with no value \u2014 needs manual entry."", ""status"": ""needs_review""}, ""flow_rate"": {""value"": null, ""unit"": ""m\u00b3/h"", ""confidence"": 0, ""reasoning"": ""Demo mode: no match found in source text | Required field with no value \u2014 needs manual entry."", ""status"": ""needs_review""}, ""head_pressure"": {""value"": null, ""unit"": ""m"", ""confidence"": 0, ""reasoning"": ""Demo mode: no match found in source text | Required field with no value \u2014 needs manual entry."", ""status"": ""needs_review""}, ""power_rating"": {""value"": null, ""unit"": ""kW"", ""confidence"": 0, ""reasoning"": ""Demo mode: no match found in source text | Required field with no value \u2014 needs manual entry."", ""status"": ""needs_review""}, ""material_body"": {""value"": null, ""unit"": null, ""confidence"": 0, ""reasoning"": ""Demo mode: no match found in source text | Required field with no value \u2014 needs manual entry."", ""status"": ""needs_review""}}",2026-08-21T16:49:48.961618+00:00
49-94-0043,"49-94-0043 Milw 9""x3/32""x7/8"" Metal Cut Off Disc",Milwaukee Accessory (4031),industrial_pump,Manufacturer Part Number: 49-94-0043,0,7,7,"{""manufacturer"": {""value"": ""Part Number: 49-94-0043"", ""unit"": null, ""confidence"": 55, ""reasoning"": ""Demo mode: found keyword match"", ""status"": ""needs_review""}, ""model_number"": {""value"": null, ""unit"": null, ""confidence"": 0, ""reasoning"": ""Demo mode: no match found in source text | Required field with no value \u2014 needs manual entry."", ""status"": ""needs_review""}, ""pump_type"": {""value"": null, ""unit"": null, ""confidence"": 0, ""reasoning"": ""Demo mode: no match found in source text | Required field with no value \u2014 needs manual entry."", ""status"": ""needs_review""}, ""flow_rate"": {""value"": null, ""unit"": ""m\u00b3/h"", ""confidence"": 0, ""reasoning"": ""Demo mode: no match found in source text | Required field with no value \u2014 needs manual entry."", ""status"": ""needs_review""}, ""head_pressure"": {""value"": null, ""unit"": ""m"", ""confidence"": 0, ""reasoning"": ""Demo mode: no match found in source text | Required field with no value \u2014 needs manual entry."", ""status"": ""needs_review""}, ""power_rating"": {""value"": null, ""unit"": ""kW"", ""confidence"": 0, ""reasoning"": ""Demo mode: no match found in source text | Required field with no value \u2014 needs manual entry."", ""status"": ""needs_review""}, ""material_body"": {""value"": null, ""unit"": null, ""confidence"": 0, ""reasoning"": ""Demo mode: no match found in source text | Required field with no value \u2014 needs manual entry."", ""status"": ""needs_review""}}",2026-08-21T16:49:48.962093+00:00
49-94-0048,"49-94-0048 Milw 12""x7/64""x1"" Metal Cut Off Disc General Purpose",Milwaukee Accessory (4031),industrial_pump,Manufacturer Part Number: 49-94-0048,0,7,7,"{""manufacturer"": {""value"": ""Part Number: 49-94-0048"", ""unit"": null, ""confidence"": 55, ""reasoning"": ""Demo mode: found keyword match"", ""status"": ""needs_review""}, ""model_number"": {""value"": null, ""unit"": null, ""confidence"": 0, ""reasoning"": ""Demo mode: no match found in source text | Required field with no value \u2014 needs manual entry."", ""status"": ""needs_review""}, ""pump_type"": {""value"": null, ""unit"": null, ""confidence"": 0, ""reasoning"": ""Demo mode: no match found in source text | Required field with no value \u2014 needs manual entry."", ""status"": ""needs_review""}, ""flow_rate"": {""value"": null, ""unit"": ""m\u00b3/h"", ""confidence"": 0, ""reasoning"": ""Demo mode: no match found in source text | Required field with no value \u2014 needs manual entry."", ""status"": ""needs_review""}, ""head_pressure"": {""value"": null, ""unit"": ""m"", ""confidence"": 0, ""reasoning"": ""Demo mode: no match found in source text | Required field with no value \u2014 needs manual entry."", ""status"": ""needs_review""}, ""power_rating"": {""value"": null, ""unit"": ""kW"", ""confidence"": 0, ""reasoning"": ""Demo mode: no match found in source text | Required field with no value \u2014 needs manual entry."", ""status"": ""needs_review""}, ""material_body"": {""value"": null, ""unit"": null, ""confidence"": 0, ""reasoning"": ""Demo mode: no match found in source text | Required field with no value \u2014 needs manual entry."", ""status"": ""needs_review""}}",2026-08-21T16:49:48.962562+00:00
49-94-0053,"49-94-0053 Milw 12""x1/8""x1"" Metal Cut Off Disc",Milwaukee Accessory (4031),industrial_pump,Manufacturer Part Number: 49-94-0053,0,7,7,"{""manufacturer"": {""value"": ""Part Number: 49-94-0053"", ""unit"": null, ""confidence"": 55, ""reasoning"": ""Demo mode: found keyword match"", ""status"": ""needs_review""}, ""model_number"": {""value"": null, ""unit"": null, ""confidence"": 0, ""reasoning"": ""Demo mode: no match found in source text | Required field with no value \u2014 needs manual entry."", ""status"": ""needs_review""}, ""pump_type"": {""value"": null, ""unit"": null, ""confidence"": 0, ""reasoning"": ""Demo mode: no match found in source text | Required field with no value \u2014 needs manual entry."", ""status"": ""needs_review""}, ""flow_rate"": {""value"": null, ""unit"": ""m\u00b3/h"", ""confidence"": 0, ""reasoning"": ""Demo mode: no match found in source text | Required field with no value \u2014 needs manual entry."", ""status"": ""needs_review""}, ""head_pressure"": {""value"": null, ""unit"": ""m"", ""confidence"": 0, ""reasoning"": ""Demo mode: no match found in source text | Required field with no value \u2014 needs manual entry."", ""status"": ""needs_review""}, ""power_rating"": {""value"": null, ""unit"": ""kW"", ""confidence"": 0, ""reasoning"": ""Demo mode: no match found in source text | Required field with no value \u2014 needs manual entry."", ""status"": ""needs_review""}, ""material_body"": {""value"": null, ""unit"": null, ""confidence"": 0, ""reasoning"": ""Demo mode: no match found in source text | Required field with no value \u2014 needs manual entry."", ""status"": ""needs_review""}}",2026-08-21T16:49:48.963852+00:00
49-94-0058,"49-94-0058 Milw 12""x1/8""x20mm Metal Cut Off Disc",Milwaukee Accessory (4031),industrial_pump,Manufacturer Part Number: 49-94-0058,0,7,7,"{""manufacturer"": {""value"": ""Part Number: 49-94-0058"", ""unit"": null, ""confidence"": 55, ""reasoning"": ""Demo mode: found keyword match"", ""status"": ""needs_review""}, ""model_number"": {""value"": null, ""unit"": null, ""confidence"": 0, ""reasoning"": ""Demo mode: no match found in source text | Required field with no value \u2014 needs manual entry."", ""status"": ""needs_review""}, ""pump_type"": {""value"": null, ""unit"": null, ""confidence"": 0, ""reasoning"": ""Demo mode: no match found in source text | Required field with no value \u2014 needs manual entry."", ""status"": ""needs_review""}, ""flow_rate"": {""value"": null, ""unit"": ""m\u00b3/h"", ""confidence"": 0, ""reasoning"": ""Demo mode: no match found in source text | Required field with no value \u2014 needs manual entry."", ""status"": ""needs_review""}, ""head_pressure"": {""value"": null, ""unit"": ""m"", ""confidence"": 0, ""reasoning"": ""Demo mode: no match found in source text | Required field with no value \u2014 needs manual entry."", ""status"": ""needs_review""}, ""power_rating"": {""value"": null, ""unit"": ""kW"", ""confidence"": 0, ""reasoning"": ""Demo mode: no match found in source text | Required field with no value \u2014 needs manual entry."", ""status"": ""needs_review""}, ""material_body"": {""value"": null, ""unit"": null, ""confidence"": 0, ""reasoning"": ""Demo mode: no match found in source text | Required field with no value \u2014 needs manual entry."", ""status"": ""needs_review""}}",2026-08-21T16:49:48.965294+00:00
49-94-0063,"49-94-0063 Milw 14""x7/64""x1"" Metal Cut Off Disc General Purpose",Milwaukee Accessory (4031),industrial_pump,Manufacturer Part Number: 49-94-0063,0,7,7,"{""manufacturer"": {""value"": ""Part Number: 49-94-0063"", ""unit"": null, ""confidence"": 55, ""reasoning"": ""Demo mode: found keyword match"", ""status"": ""needs_review""}, ""model_number"": {""value"": null, ""unit"": null, ""confidence"": 0, ""reasoning"": ""Demo mode: no match found in source text | Required field with no value \u2014 needs manual entry."", ""status"": ""needs_review""}, ""pump_type"": {""value"": null, ""unit"": null, ""confidence"": 0, ""reasoning"": ""Demo mode: no match found in source text | Required field with no value \u2014 needs manual entry."", ""status"": ""needs_review""}, ""flow_rate"": {""value"": null, ""unit"": ""m\u00b3/h"", ""confidence"": 0, ""reasoning"": ""Demo mode: no match found in source text | Required field with no value \u2014 needs manual entry."", ""status"": ""needs_review""}, ""head_pressure"": {""value"": null, ""unit"": ""m"", ""confidence"": 0, ""reasoning"": ""Demo mode: no match found in source text | Required field with no value \u2014 needs manual entry."", ""status"": ""needs_review""}, ""power_rating"": {""value"": null, ""unit"": ""kW"", ""confidence"": 0, ""reasoning"": ""Demo mode: no match found in source text | Required field with no value \u2014 needs manual entry."", ""status"": ""needs_review""}, ""material_body"": {""value"": null, ""unit"": null, ""confidence"": 0, ""reasoning"": ""Demo mode: no match found in source text | Required field with no value \u2014 needs manual entry."", ""status"": ""needs_review""}}",2026-08-21T16:49:48.966458+00:00
49-94-0068,"49-94-0068 Milw 14""x1/8""x20mm Metal Cut Off Disc",Milwaukee Accessory (4031),industrial_pump,Manufacturer Part Number: 49-94-0068,0,7,7,"{""manufacturer"": {""value"": ""Part Number: 49-94-0068"", ""unit"": null, ""confidence"": 55, ""reasoning"": ""Demo mode: found keyword match"", ""status"": ""needs_review""}, ""model_number"": {""value"": null, ""unit"": null, ""confidence"": 0, ""reasoning"": ""Demo mode: no match found in source text | Required field with no value \u2014 needs manual entry."", ""status"": ""needs_review""}, ""pump_type"": {""value"": null, ""unit"": null, ""confidence"": 0, ""reasoning"": ""Demo mode: no match found in source text | Required field with no value \u2014 needs manual entry."", ""status"": ""needs_review""}, ""flow_rate"": {""value"": null, ""unit"": ""m\u00b3/h"", ""confidence"": 0, ""reasoning"": ""Demo mode: no match found in source text | Required field with no value \u2014 needs manual entry."", ""status"": ""needs_review""}, ""head_pressure"": {""value"": null, ""unit"": ""m"", ""confidence"": 0, ""reasoning"": ""Demo mode: no match found in source text | Required field with no value \u2014 needs manual entry."", ""status"": ""needs_review""}, ""power_rating"": {""value"": null, ""unit"": ""kW"", ""confidence"": 0, ""reasoning"": ""Demo mode: no match found in source text | Required field with no value \u2014 needs manual entry."", ""status"": ""needs_review""}, ""material_body"": {""value"": null, ""unit"": null, ""confidence"": 0, ""reasoning"": ""Demo mode: no match found in source text | Required field with no value \u2014 needs manual entry."", ""status"": ""needs_review""}}",2026-08-21T16:49:48.966956+00:00
49-94-0073,"49-94-0073 Milw 14""x1/8""x1"" Metal Cut Off Disc",Milwaukee Accessory (4031),industrial_pump,Manufacturer Part Number: 49-94-0073,0,7,7,"{""manufacturer"": {""value"": ""Part Number: 49-94-0073"", ""unit"": null, ""confidence"": 55, ""reasoning"": ""Demo mode: found keyword match"", ""status"": ""needs_review""}, ""model_number"": {""value"": null, ""unit"": null, ""confidence"": 0, ""reasoning"": ""Demo mode: no match found in source text | Required field with no value \u2014 needs manual entry."", ""status"": ""needs_review""}, ""pump_type"": {""value"": null, ""unit"": null, ""confidence"": 0, ""reasoning"": ""Demo mode: no match found in source text | Required field with no value \u2014 needs manual entry."", ""status"": ""needs_review""}, ""flow_rate"": {""value"": null, ""unit"": ""m\u00b3/h"", ""confidence"": 0, ""reasoning"": ""Demo mode: no match found in source text | Required field with no value \u2014 needs manual entry."", ""status"": ""needs_review""}, ""head_pressure"": {""value"": null, ""unit"": ""m"", ""confidence"": 0, ""reasoning"": ""Demo mode: no match found in source text | Required field with no value \u2014 needs manual entry."", ""status"": ""needs_review""}, ""power_rating"": {""value"": null, ""unit"": ""kW"", ""confidence"": 0, ""reasoning"": ""Demo mode: no match found in source text | Required field with no value \u2014 needs manual entry."", ""status"": ""needs_review""}, ""material_body"": {""value"": null, ""unit"": null, ""confidence"": 0, ""reasoning"": ""Demo mode: no match found in source text | Required field with no value \u2014 needs manual entry."", ""status"": ""needs_review""}}",2026-08-21T16:49:48.968653+00:00
49-94-0101,"49-94-0101 Milw 4-1/2""x.045""x7/8"" Perform+ Metal Cut Off Disc 10pc",Milwaukee Accessory (4031),industrial_pump,Manufacturer Part Number: 49-94-0101,0,7,7,"{""manufacturer"": {""value"": ""Part Number: 49-94-0101"", ""unit"": null, ""confidence"": 55, ""reasoning"": ""Demo mode: found keyword match"", ""status"": ""needs_review""}, ""model_number"": {""value"": null, ""unit"": null, ""confidence"": 0, ""reasoning"": ""Demo mode: no match found in source text | Required field with no value \u2014 needs manual entry."", ""status"": ""needs_review""}, ""pump_type"": {""value"": null, ""unit"": null, ""confidence"": 0, ""reasoning"": ""Demo mode: no match found in source text | Required field with no value \u2014 needs manual entry."", ""status"": ""needs_review""}, ""flow_rate"": {""value"": null, ""unit"": ""m\u00b3/h"", ""confidence"": 0, ""reasoning"": ""Demo mode: no match found in source text | Required field with no value \u2014 needs manual entry."", ""status"": ""needs_review""}, ""head_pressure"": {""value"": null, ""unit"": ""m"", ""confidence"": 0, ""reasoning"": ""Demo mode: no match found in source text | Required field with no value \u2014 needs manual entry."", ""status"": ""needs_review""}, ""power_rating"": {""value"": null, ""unit"": ""kW"", ""confidence"": 0, ""reasoning"": ""Demo mode: no match found in source text | Required field with no value \u2014 needs manual entry."", ""status"": ""needs_review""}, ""material_body"": {""value"": null, ""unit"": null, ""confidence"": 0, ""reasoning"": ""Demo mode: no match found in source text | Required field with no value \u2014 needs manual entry."", ""status"": ""needs_review""}}",2026-08-21T16:49:48.969690+00:00
49-94-0107,"49-94-0107 Milw 4-1/2""x.045""x7/8"" Performance+ Metal Cut Off Disc",Milwaukee Accessory (4031),industrial_pump,Manufacturer Part Number: 49-94-0107,0,7,7,"{""manufacturer"": {""value"": ""Part Number: 49-94-0107"", ""unit"": null, ""confidence"": 55, ""reasoning"": ""Demo mode: found keyword match"", ""status"": ""needs_review""}, ""model_number"": {""value"": null, ""unit"": null, ""confidence"": 0, ""reasoning"": ""Demo mode: no match found in source text | Required field with no value \u2014 needs manual entry."", ""status"": ""needs_review""}, ""pump_type"": {""value"": null, ""unit"": null, ""confidence"": 0, ""reasoning"": ""Demo mode: no match found in source text | Required field with no value \u2014 needs manual entry."", ""status"": ""needs_review""}, ""flow_rate"": {""value"": null, ""unit"": ""m\u00b3/h"", ""confidence"": 0, ""reasoning"": ""Demo mode: no match found in source text | Required field with no value \u2014 needs manual entry."", ""status"": ""needs_review""}, ""head_pressure"": {""value"": null, ""unit"": ""m"", ""confidence"": 0, ""reasoning"": ""Demo mode: no match found in source text | Required field with no value \u2014 needs manual entry."", ""status"": ""needs_review""}, ""power_rating"": {""value"": null, ""unit"": ""kW"", ""confidence"": 0, ""reasoning"": ""Demo mode: no match found in source text | Required field with no value \u2014 needs manual entry."", ""status"": ""needs_review""}, ""material_body"": {""value"": null, ""unit"": null, ""confidence"": 0, ""reasoning"": ""Demo mode: no match found in source text | Required field with no value \u2014 needs manual entry."", ""status"": ""needs_review""}}",2026-08-21T16:49:48.970904+00:00
49-94-0117,"49-94-0117 Milw 5""x.045""x7/8"" Performance+ Metal Cut Off Disc",Milwaukee Accessory (4031),industrial_pump,Manufacturer Part Number: 49-94-0117,0,7,7,"{""manufacturer"": {""value"": ""Part Number: 49-94-0117"", ""unit"": null, ""confidence"": 55, ""reasoning"": ""Demo mode: found keyword match"", ""status"": ""needs_review""}, ""model_number"": {""value"": null, ""unit"": null, ""confidence"": 0, ""reasoning"": ""Demo mode: no match found in source text | Required field with no value \u2014 needs manual entry."", ""status"": ""needs_review""}, ""pump_type"": {""value"": null, ""unit"": null, ""confidence"": 0, ""reasoning"": ""Demo mode: no match found in source text | Required field with no value \u2014 needs manual entry."", ""status"": ""needs_review""}, ""flow_rate"": {""value"": null, ""unit"": ""m\u00b3/h"", ""confidence"": 0, ""reasoning"": ""Demo mode: no match found in source text | Required field with no value \u2014 needs manual entry."", ""status"": ""needs_review""}, ""head_pressure"": {""value"": null, ""unit"": ""m"", ""confidence"": 0, ""reasoning"": ""Demo mode: no match found in source text | Required field with no value \u2014 needs manual entry."", ""status"": ""needs_review""}, ""power_rating"": {""value"": null, ""unit"": ""kW"", ""confidence"": 0, ""reasoning"": ""Demo mode: no match found in source text | Required field with no value \u2014 needs manual entry."", ""status"": ""needs_review""}, ""material_body"": {""value"": null, ""unit"": null, ""confidence"": 0, ""reasoning"": ""Demo mode: no match found in source text | Required field with no value \u2014 needs manual entry."", ""status"": ""needs_review""}}",2026-08-21T16:49:48.971982+00:00
49-94-0123,"49-94-0123 Milw 6""x.045""x7/8"" Performance+ Metal Cut Off Disc",Milwaukee Accessory (4031),industrial_pump,Manufacturer Part Number: 49-94-0123,0,7,7,"{""manufacturer"": {""value"": ""Part Number: 49-94-0123"", ""unit"": null, ""confidence"": 55, ""reasoning"": ""Demo mode: found keyword match"", ""status"": ""needs_review""}, ""model_number"": {""value"": null, ""unit"": null, ""confidence"": 0, ""reasoning"": ""Demo mode: no match found in source text | Required field with no value \u2014 needs manual entry."", ""status"": ""needs_review""}, ""pump_type"": {""value"": null, ""unit"": null, ""confidence"": 0, ""reasoning"": ""Demo mode: no match found in source text | Required field with no value \u2014 needs manual entry."", ""status"": ""needs_review""}, ""flow_rate"": {""value"": null, ""unit"": ""m\u00b3/h"", ""confidence"": 0, ""reasoning"": ""Demo mode: no match found in source text | Required field with no value \u2014 needs manual entry."", ""status"": ""needs_review""}, ""head_pressure"": {""value"": null, ""unit"": ""m"", ""confidence"": 0, ""reasoning"": ""Demo mode: no match found in source text | Required field with no value \u2014 needs manual entry."", ""status"": ""needs_review""}, ""power_rating"": {""value"": null, ""unit"": ""kW"", ""confidence"": 0, ""reasoning"": ""Demo mode: no match found in source text | Required field with no value \u2014 needs manual entry."", ""status"": ""needs_review""}, ""material_body"": {""value"": null, ""unit"": null, ""confidence"": 0, ""reasoning"": ""Demo mode: no match found in source text | Required field with no value \u2014 needs manual entry."", ""status"": ""needs_review""}}",2026-08-21T16:49:48.972423+00:00
49-94-0023,"49-94-0023 Milw 6""x.045""x7/8"" Metal Cut Off Disc",Milwaukee Accessory (4031),industrial_pump,Manufacturer Part Number: 49-94-0023,0,7,7,"{""manufacturer"": {""value"": ""Part Number: 49-94-0023"", ""unit"": null, ""confidence"": 55, ""reasoning"": ""Demo mode: found keyword match"", ""status"": ""needs_review""}, ""model_number"": {""value"": null, ""unit"": null, ""confidence"": 0, ""reasoning"": ""Demo mode: no match found in source text | Required field with no value \u2014 needs manual entry."", ""status"": ""needs_review""}, ""pump_type"": {""value"": null, ""unit"": null, ""confidence"": 0, ""reasoning"": ""Demo mode: no match found in source text | Required field with no value \u2014 needs manual entry."", ""status"": ""needs_review""}, ""flow_rate"": {""value"": null, ""unit"": ""m\u00b3/h"", ""confidence"": 0, ""reasoning"": ""Demo mode: no match found in source text | Required field with no value \u2014 needs manual entry."", ""status"": ""needs_review""}, ""head_pressure"": {""value"": null, ""unit"": ""m"", ""confidence"": 0, ""reasoning"": ""Demo mode: no match found in source text | Required field with no value \u2014 needs manual entry."", ""status"": ""needs_review""}, ""power_rating"": {""value"": null, ""unit"": ""kW"", ""confidence"": 0, ""reasoning"": ""Demo mode: no match found in source text | Required field with no value \u2014 needs manual entry."", ""status"": ""needs_review""}, ""material_body"": {""value"": null, ""unit"": null, ""confidence"": 0, ""reasoning"": ""Demo mode: no match found in source text | Required field with no value \u2014 needs manual entry."", ""status"": ""needs_review""}}",2026-08-21T16:49:48.973619+00:00
49-94-0121,"49-94-0121 Milw 6""x.045""x7/8"" Performance+ Metal Cut Off Disc 10pc",Milwaukee Accessory (4031),industrial_pump,Manufacturer Part Number: 49-94-0121,0,7,7,"{""manufacturer"": {""value"": ""Part Number: 49-94-0121"", ""unit"": null, ""confidence"": 55, ""reasoning"": ""Demo mode: found keyword match"", ""status"": ""needs_review""}, ""model_number"": {""value"": null, ""unit"": null, ""confidence"": 0, ""reasoning"": ""Demo mode: no match found in source text | Required field with no value \u2014 needs manual entry."", ""status"": ""needs_review""}, ""pump_type"": {""value"": null, ""unit"": null, ""confidence"": 0, ""reasoning"": ""Demo mode: no match found in source text | Required field with no value \u2014 needs manual entry."", ""status"": ""needs_review""}, ""flow_rate"": {""value"": null, ""unit"": ""m\u00b3/h"", ""confidence"": 0, ""reasoning"": ""Demo mode: no match found in source text | Required field with no value \u2014 needs manual entry."", ""status"": ""needs_review""}, ""head_pressure"": {""value"": null, ""unit"": ""m"", ""confidence"": 0, ""reasoning"": ""Demo mode: no match found in source text | Required field with no value \u2014 needs manual entry."", ""status"": ""needs_review""}, ""power_rating"": {""value"": null, ""unit"": ""kW"", ""confidence"": 0, ""reasoning"": ""Demo mode: no match found in source text | Required field with no value \u2014 needs manual entry."", ""status"": ""needs_review""}, ""material_body"": {""value"": null, ""unit"": null, ""confidence"": 0, ""reasoning"": ""Demo mode: no match found in source text | Required field with no value \u2014 needs manual entry."", ""status"": ""needs_review""}}",2026-08-21T16:49:48.974971+00:00
49-94-0127,"49-94-0127 Milw 6""x.045""x7/8"" Performance+Metal Cut Off Disc",Milwaukee Accessory (4031),industrial_pump,Manufacturer Part Number: 49-94-0127,0,7,7,"{""manufacturer"": {""value"": ""Part Number: 49-94-0127"", ""unit"": null, ""confidence"": 55, ""reasoning"": ""Demo mode: found keyword match"", ""status"": ""needs_review""}, ""model_number"": {""value"": null, ""unit"": null, ""confidence"": 0, ""reasoning"": ""Demo mode: no match found in source text | Required field with no value \u2014 needs manual entry."", ""status"": ""needs_review""}, ""pump_type"": {""value"": null, ""unit"": null, ""confidence"": 0, ""reasoning"": ""Demo mode: no match found in source text | Required field with no value \u2014 needs manual entry."", ""status"": ""needs_review""}, ""flow_rate"": {""value"": null, ""unit"": ""m\u00b3/h"", ""confidence"": 0, ""reasoning"": ""Demo mode: no match found in source text | Required field with no value \u2014 needs manual entry."", ""status"": ""needs_review""}, ""head_pressure"": {""value"": null, ""unit"": ""m"", ""confidence"": 0, ""reasoning"": ""Demo mode: no match found in source text | Required field with no value \u2014 needs manual entry."", ""status"": ""needs_review""}, ""power_rating"": {""value"": null, ""unit"": ""kW"", ""confidence"": 0, ""reasoning"": ""Demo mode: no match found in source text | Required field with no value \u2014 needs manual entry."", ""status"": ""needs_review""}, ""material_body"": {""value"": null, ""unit"": null, ""confidence"": 0, ""reasoning"": ""Demo mode: no match found in source text | Required field with no value \u2014 needs manual entry."", ""status"": ""needs_review""}}",2026-08-21T16:49:48.976129+00:00
49-94-0137,"49-94-0137 Milw 7""x3/32""x7/8"" Performance+ Metal Cut Off Disc",Milwaukee Accessory (4031),industrial_pump,Manufacturer Part Number: 49-94-0137,0,7,7,"{""manufacturer"": {""value"": ""Part Number: 49-94-0137"", ""unit"": null, ""confidence"": 55, ""reasoning"": ""Demo mode: found keyword match"", ""status"": ""needs_review""}, ""model_number"": {""value"": null, ""unit"": null, ""confidence"": 0, ""reasoning"": ""Demo mode: no match found in source text | Required field with no value \u2014 needs manual entry."", ""status"": ""needs_review""}, ""pump_type"": {""value"": null, ""unit"": null, ""confidence"": 0, ""reasoning"": ""Demo mode: no match found in source text | Required field with no value \u2014 needs manual entry."", ""status"": ""needs_review""}, ""flow_rate"": {""value"": null, ""unit"": ""m\u00b3/h"", ""confidence"": 0, ""reasoning"": ""Demo mode: no match found in source text | Required field with no value \u2014 needs manual entry."", ""status"": ""needs_review""}, ""head_pressure"": {""value"": null, ""unit"": ""m"", ""confidence"": 0, ""reasoning"": ""Demo mode: no match found in source text | Required field with no value \u2014 needs manual entry."", ""status"": ""needs_review""}, ""power_rating"": {""value"": null, ""unit"": ""kW"", ""confidence"": 0, ""reasoning"": ""Demo mode: no match found in source text | Required field with no value \u2014 needs manual entry."", ""status"": ""needs_review""}, ""material_body"": {""value"": null, ""unit"": null, ""confidence"": 0, ""reasoning"": ""Demo mode: no match found in source text | Required field with no value \u2014 needs manual entry."", ""status"": ""needs_review""}}",2026-08-21T16:49:48.976584+00:00
49-94-0160,"49-94-0160 Milw 14""x7/64""x1"" Performance+ Metal Cut Off Disc",Milwaukee Accessory (4031),industrial_pump,Manufacturer Part Number: 49-94-0160,0,7,7,"{""manufacturer"": {""value"": ""Part Number: 49-94-0160"", ""unit"": null, ""confidence"": 55, ""reasoning"": ""Demo mode: found keyword match"", ""status"": ""needs_review""}, ""model_number"": {""value"": null, ""unit"": null, ""confidence"": 0, ""reasoning"": ""Demo mode: no match found in source text | Required field with no value \u2014 needs manual entry."", ""status"": ""needs_review""}, ""pump_type"": {""value"": null, ""unit"": null, ""confidence"": 0, ""reasoning"": ""Demo mode: no match found in source text | Required field with no value \u2014 needs manual entry."", ""status"": ""needs_review""}, ""flow_rate"": {""value"": null, ""unit"": ""m\u00b3/h"", ""confidence"": 0, ""reasoning"": ""Demo mode: no match found in source text | Required field with no value \u2014 needs manual entry."", ""status"": ""needs_review""}, ""head_pressure"": {""value"": null, ""unit"": ""m"", ""confidence"": 0, ""reasoning"": ""Demo mode: no match found in source text | Required field with no value \u2014 needs manual entry."", ""status"": ""needs_review""}, ""power_rating"": {""value"": null, ""unit"": ""kW"", ""confidence"": 0, ""reasoning"": ""Demo mode: no match found in source text | Required field with no value \u2014 needs manual entry."", ""status"": ""needs_review""}, ""material_body"": {""value"": null, ""unit"": null, ""confidence"": 0, ""reasoning"": ""Demo mode: no match found in source text | Required field with no value \u2014 needs manual entry."", ""status"": ""needs_review""}}",2026-08-21T16:49:48.978241+00:00
49-94-0223,"49-94-0223 Milw 6""x.045""x7/8"" Ceramic+ Metal Cut Off Disc",Milwaukee Accessory (4031),industrial_pump,Manufacturer Part Number: 49-94-0223,0,7,7,"{""manufacturer"": {""value"": ""Part Number: 49-94-0223"", ""unit"": null, ""confidence"": 55, ""reasoning"": ""Demo mode: found keyword match"", ""status"": ""needs_review""}, ""model_number"": {""value"": null, ""unit"": null, ""confidence"": 0, ""reasoning"": ""Demo mode: no match found in source text | Required field with no value \u2014 needs manual entry."", ""status"": ""needs_review""}, ""pump_type"": {""value"": null, ""unit"": null, ""confidence"": 0, ""reasoning"": ""Demo mode: no match found in source text | Required field with no value \u2014 needs manual entry."", ""status"": ""needs_review""}, ""flow_rate"": {""value"": null, ""unit"": ""m\u00b3/h"", ""confidence"": 0, ""reasoning"": ""Demo mode: no match found in source text | Required field with no value \u2014 needs manual entry."", ""status"": ""needs_review""}, ""head_pressure"": {""value"": null, ""unit"": ""m"", ""confidence"": 0, ""reasoning"": ""Demo mode: no match found in source text | Required field with no value \u2014 needs manual entry."", ""status"": ""needs_review""}, ""power_rating"": {""value"": null, ""unit"": ""kW"", ""confidence"": 0, ""reasoning"": ""Demo mode: no match found in source text | Required field with no value \u2014 needs manual entry."", ""status"": ""needs_review""}, ""material_body"": {""value"": null, ""unit"": null, ""confidence"": 0, ""reasoning"": ""Demo mode: no match found in source text | Required field with no value \u2014 needs manual entry."", ""status"": ""needs_review""}}",2026-08-21T16:49:48.979413+00:00
49-94-0445,"49-94-0445 Milw 10""x3/32""x5/8"" Performance+ Metal Cut Off Disc",Milwaukee Accessory (4031),industrial_pump,Manufacturer Part Number: 49-94-0445,0,7,7,"{""manufacturer"": {""value"": ""Part Number: 49-94-0445"", ""unit"": null, ""confidence"": 55, ""reasoning"": ""Demo mode: found keyword match"", ""status"": ""needs_review""}, ""model_number"": {""value"": null, ""unit"": null, ""confidence"": 0, ""reasoning"": ""Demo mode: no match found in source text | Required field with no value \u2014 needs manual entry."", ""status"": ""needs_review""}, ""pump_type"": {""value"": null, ""unit"": null, ""confidence"": 0, ""reasoning"": ""Demo mode: no match found in source text | Required field with no value \u2014 needs manual entry."", ""status"": ""needs_review""}, ""flow_rate"": {""value"": null, ""unit"": ""m\u00b3/h"", ""confidence"": 0, ""reasoning"": ""Demo mode: no match found in source text | Required field with no value \u2014 needs manual entry."", ""status"": ""needs_review""}, ""head_pressure"": {""value"": null, ""unit"": ""m"", ""confidence"": 0, ""reasoning"": ""Demo mode: no match found in source text | Required field with no value \u2014 needs manual entry."", ""status"": ""needs_review""}, ""power_rating"": {""value"": null, ""unit"": ""kW"", ""confidence"": 0, ""reasoning"": ""Demo mode: no match found in source text | Required field with no value \u2014 needs manual entry."", ""status"": ""needs_review""}, ""material_body"": {""value"": null, ""unit"": null, ""confidence"": 0, ""reasoning"": ""Demo mode: no match found in source text | Required field with no value \u2014 needs manual entry."", ""status"": ""needs_review""}}",2026-08-21T16:49:48.981044+00:00
49-94-0803,"49-94-0803 Milw 4-1/2""x1/8""x7/8"" Dual Metal Cut and Grind Disc",Milwaukee Accessory (4031),industrial_pump,Manufacturer Part Number: 49-94-0803,0,7,7,"{""manufacturer"": {""value"": ""Part Number: 49-94-0803"", ""unit"": null, ""confidence"": 55, ""reasoning"": ""Demo mode: found keyword match"", ""status"": ""needs_review""}, ""model_number"": {""value"": null, ""unit"": null, ""confidence"": 0, ""reasoning"": ""Demo mode: no match found in source text | Required field with no value \u2014 needs manual entry."", ""status"": ""needs_review""}, ""pump_type"": {""value"": null, ""unit"": null, ""confidence"": 0, ""reasoning"": ""Demo mode: no match found in source text | Required field with no value \u2014 needs manual entry."", ""status"": ""needs_review""}, ""flow_rate"": {""value"": null, ""unit"": ""m\u00b3/h"", ""confidence"": 0, ""reasoning"": ""Demo mode: no match found in source text | Required field with no value \u2014 needs manual entry."", ""status"": ""needs_review""}, ""head_pressure"": {""value"": null, ""unit"": ""m"", ""confidence"": 0, ""reasoning"": ""Demo mode: no match found in source text | Required field with no value \u2014 needs manual entry."", ""status"": ""needs_review""}, ""power_rating"": {""value"": null, ""unit"": ""kW"", ""confidence"": 0, ""reasoning"": ""Demo mode: no match found in source text | Required field with no value \u2014 needs manual entry."", ""status"": ""needs_review""}, ""material_body"": {""value"": null, ""unit"": null, ""confidence"": 0, ""reasoning"": ""Demo mode: no match found in source text | Required field with no value \u2014 needs manual entry."", ""status"": ""needs_review""}}",2026-08-21T16:49:48.982448+00:00
49-94-0903,"49-94-0903 Milw 4-1/2""x1/8""x7/8""Perform+Dual Metal Cut and Grind Disc",Milwaukee Accessory (4031),industrial_pump,Manufacturer Part Number: 49-94-0903,0,7,7,"{""manufacturer"": {""value"": ""Part Number: 49-94-0903"", ""unit"": null, ""confidence"": 55, ""reasoning"": ""Demo mode: found keyword match"", ""status"": ""needs_review""}, ""model_number"": {""value"": null, ""unit"": null, ""confidence"": 0, ""reasoning"": ""Demo mode: no match found in source text | Required field with no value \u2014 needs manual entry."", ""status"": ""needs_review""}, ""pump_type"": {""value"": null, ""unit"": null, ""confidence"": 0, ""reasoning"": ""Demo mode: no match found in source text | Required field with no value \u2014 needs manual entry."", ""status"": ""needs_review""}, ""flow_rate"": {""value"": null, ""unit"": ""m\u00b3/h"", ""confidence"": 0, ""reasoning"": ""Demo mode: no match found in source text | Required field with no value \u2014 needs manual entry."", ""status"": ""needs_review""}, ""head_pressure"": {""value"": null, ""unit"": ""m"", ""confidence"": 0, ""reasoning"": ""Demo mode: no match found in source text | Required field with no value \u2014 needs manual entry."", ""status"": ""needs_review""}, ""power_rating"": {""value"": null, ""unit"": ""kW"", ""confidence"": 0, ""reasoning"": ""Demo mode: no match found in source text | Required field with no value \u2014 needs manual entry."", ""status"": ""needs_review""}, ""material_body"": {""value"": null, ""unit"": null, ""confidence"": 0, ""reasoning"": ""Demo mode: no match found in source text | Required field with no value \u2014 needs manual entry."", ""status"": ""needs_review""}}",2026-08-21T16:49:48.982956+00:00
49-94-0907,"49-94-0907 Milw 4-1/2""x1/8""x5/8-11""Perform+Dual Metal Cut n Grind Disc",Milwaukee Accessory (4031),industrial_pump,Manufacturer Part Number: 49-94-0907,0,7,7,"{""manufacturer"": {""value"": ""Part Number: 49-94-0907"", ""unit"": null, ""confidence"": 55, ""reasoning"": ""Demo mode: found keyword match"", ""status"": ""needs_review""}, ""model_number"": {""value"": null, ""unit"": null, ""confidence"": 0, ""reasoning"": ""Demo mode: no match found in source text | Required field with no value \u2014 needs manual entry."", ""status"": ""needs_review""}, ""pump_type"": {""value"": null, ""unit"": null, ""confidence"": 0, ""reasoning"": ""Demo mode: no match found in source text | Required field with no value \u2014 needs manual entry."", ""status"": ""needs_review""}, ""flow_rate"": {""value"": null, ""unit"": ""m\u00b3/h"", ""confidence"": 0, ""reasoning"": ""Demo mode: no match found in source text | Required field with no value \u2014 needs manual entry."", ""status"": ""needs_review""}, ""head_pressure"": {""value"": null, ""unit"": ""m"", ""confidence"": 0, ""reasoning"": ""Demo mode: no match found in source text | Required field with no value \u2014 needs manual entry."", ""status"": ""needs_review""}, ""power_rating"": {""value"": null, ""unit"": ""kW"", ""confidence"": 0, ""reasoning"": ""Demo mode: no match found in source text | Required field with no value \u2014 needs manual entry."", ""status"": ""needs_review""}, ""material_body"": {""value"": null, ""unit"": null, ""confidence"": 0, ""reasoning"": ""Demo mode: no match found in source text | Required field with no value \u2014 needs manual entry."", ""status"": ""needs_review""}}",2026-08-21T16:49:48.984697+00:00
49-94-0923,"49-94-0923 Milw 6""x1/8""x7/8"" Perform+Dual Metal Cut and Grind Disc",Milwaukee Accessory (4031),industrial_pump,Manufacturer Part Number: 49-94-0923,0,7,7,"{""manufacturer"": {""value"": ""Part Number: 49-94-0923"", ""unit"": null, ""confidence"": 55, ""reasoning"": ""Demo mode: found keyword match"", ""status"": ""needs_review""}, ""model_number"": {""value"": null, ""unit"": null, ""confidence"": 0, ""reasoning"": ""Demo mode: no match found in source text | Required field with no value \u2014 needs manual entry."", ""status"": ""needs_review""}, ""pump_type"": {""value"": null, ""unit"": null, ""confidence"": 0, ""reasoning"": ""Demo mode: no match found in source text | Required field with no value \u2014 needs manual entry."", ""status"": ""needs_review""}, ""flow_rate"": {""value"": null, ""unit"": ""m\u00b3/h"", ""confidence"": 0, ""reasoning"": ""Demo mode: no match found in source text | Required field with no value \u2014 needs manual entry."", ""status"": ""needs_review""}, ""head_pressure"": {""value"": null, ""unit"": ""m"", ""confidence"": 0, ""reasoning"": ""Demo mode: no match found in source text | Required field with no value \u2014 needs manual entry."", ""status"": ""needs_review""}, ""power_rating"": {""value"": null, ""unit"": ""kW"", ""confidence"": 0, ""reasoning"": ""Demo mode: no match found in source text | Required field with no value \u2014 needs manual entry."", ""status"": ""needs_review""}, ""material_body"": {""value"": null, ""unit"": null, ""confidence"": 0, ""reasoning"": ""Demo mode: no match found in source text | Required field with no value \u2014 needs manual entry."", ""status"": ""needs_review""}}",2026-08-21T16:49:48.986104+00:00
49-94-1900,"49-94-1900 Milw 4""x1/8""x5/8"" Masonry Cut Off Disc",Milwaukee Accessory (4031),industrial_pump,Manufacturer Part Number: 49-94-1900,0,7,7,"{""manufacturer"": {""value"": ""Part Number: 49-94-1900"", ""unit"": null, ""confidence"": 55, ""reasoning"": ""Demo mode: found keyword match"", ""status"": ""needs_review""}, ""model_number"": {""value"": null, ""unit"": null, ""confidence"": 0, ""reasoning"": ""Demo mode: no match found in source text | Required field with no value \u2014 needs manual entry."", ""status"": ""needs_review""}, ""pump_type"": {""value"": null, ""unit"": null, ""confidence"": 0, ""reasoning"": ""Demo mode: no match found in source text | Required field with no value \u2014 needs manual entry."", ""status"": ""needs_review""}, ""flow_rate"": {""value"": null, ""unit"": ""m\u00b3/h"", ""confidence"": 0, ""reasoning"": ""Demo mode: no match found in source text | Required field with no value \u2014 needs manual entry."", ""status"": ""needs_review""}, ""head_pressure"": {""value"": null, ""unit"": ""m"", ""confidence"": 0, ""reasoning"": ""Demo mode: no match found in source text | Required field with no value \u2014 needs manual entry."", ""status"": ""needs_review""}, ""power_rating"": {""value"": null, ""unit"": ""kW"", ""confidence"": 0, ""reasoning"": ""Demo mode: no match found in source text | Required field with no value \u2014 needs manual entry."", ""status"": ""needs_review""}, ""material_body"": {""value"": null, ""unit"": null, ""confidence"": 0, ""reasoning"": ""Demo mode: no match found in source text | Required field with no value \u2014 needs manual entry."", ""status"": ""needs_review""}}",2026-08-21T16:49:48.987104+00:00
49-94-1905,"49-94-1905 Milw 4-1/2""x1/8""x7/8"" Masonry Cut Off Disc",Milwaukee Accessory (4031),industrial_pump,Manufacturer Part Number: 49-94-1905,0,7,7,"{""manufacturer"": {""value"": ""Part Number: 49-94-1905"", ""unit"": null, ""confidence"": 55, ""reasoning"": ""Demo mode: found keyword match"", ""status"": ""needs_review""}, ""model_number"": {""value"": null, ""unit"": null, ""confidence"": 0, ""reasoning"": ""Demo mode: no match found in source text | Required field with no value \u2014 needs manual entry."", ""status"": ""needs_review""}, ""pump_type"": {""value"": null, ""unit"": null, ""confidence"": 0, ""reasoning"": ""Demo mode: no match found in source text | Required field with no value \u2014 needs manual entry."", ""status"": ""needs_review""}, ""flow_rate"": {""value"": null, ""unit"": ""m\u00b3/h"", ""confidence"": 0, ""reasoning"": ""Demo mode: no match found in source text | Required field with no value \u2014 needs manual entry."", ""status"": ""needs_review""}, ""head_pressure"": {""value"": null, ""unit"": ""m"", ""confidence"": 0, ""reasoning"": ""Demo mode: no match found in source text | Required field with no value \u2014 needs manual entry."", ""status"": ""needs_review""}, ""power_rating"": {""value"": null, ""unit"": ""kW"", ""confidence"": 0, ""reasoning"": ""Demo mode: no match found in source text | Required field with no value \u2014 needs manual entry."", ""status"": ""needs_review""}, ""material_body"": {""value"": null, ""unit"": null, ""confidence"": 0, ""reasoning"": ""Demo mode: no match found in source text | Required field with no value \u2014 needs manual entry."", ""status"": ""needs_review""}}",2026-08-21T16:49:48.987620+00:00
49-94-1915,"49-94-1915 Milw 6-1/2""x1/8""x5/8"" DKO Masonry Cut Off Disc",Milwaukee Accessory (4031),industrial_pump,Manufacturer Part Number: 49-94-1915,0,7,7,"{""manufacturer"": {""value"": ""Part Number: 49-94-1915"", ""unit"": null, ""confidence"": 55, ""reasoning"": ""Demo mode: found keyword match"", ""status"": ""needs_review""}, ""model_number"": {""value"": null, ""unit"": null, ""confidence"": 0, ""reasoning"": ""Demo mode: no match found in source text | Required field with no value \u2014 needs manual entry."", ""status"": ""needs_review""}, ""pump_type"": {""value"": null, ""unit"": null, ""confidence"": 0, ""reasoning"": ""Demo mode: no match found in source text | Required field with no value \u2014 needs manual entry."", ""status"": ""needs_review""}, ""flow_rate"": {""value"": null, ""unit"": ""m\u00b3/h"", ""confidence"": 0, ""reasoning"": ""Demo mode: no match found in source text | Required field with no value \u2014 needs manual entry."", ""status"": ""needs_review""}, ""head_pressure"": {""value"": null, ""unit"": ""m"", ""confidence"": 0, ""reasoning"": ""Demo mode: no match found in source text | Required field with no value \u2014 needs manual entry."", ""status"": ""needs_review""}, ""power_rating"": {""value"": null, ""unit"": ""kW"", ""confidence"": 0, ""reasoning"": ""Demo mode: no match found in source text | Required field with no value \u2014 needs manual entry."", ""status"": ""needs_review""}, ""material_body"": {""value"": null, ""unit"": null, ""confidence"": 0, ""reasoning"": ""Demo mode: no match found in source text | Required field with no value \u2014 needs manual entry."", ""status"": ""needs_review""}}",2026-08-21T16:49:48.988363+00:00
49-94-1920,"49-94-1920 Milw 7""x1/8""x5/8"" DKO Masonry Cut Off Disc",Milwaukee Accessory (4031),industrial_pump,Manufacturer Part Number: 49-94-1920,0,7,7,"{""manufacturer"": {""value"": ""Part Number: 49-94-1920"", ""unit"": null, ""confidence"": 55, ""reasoning"": ""Demo mode: found keyword match"", ""status"": ""needs_review""}, ""model_number"": {""value"": null, ""unit"": null, ""confidence"": 0, ""reasoning"": ""Demo mode: no match found in source text | Required field with no value \u2014 needs manual entry."", ""status"": ""needs_review""}, ""pump_type"": {""value"": null, ""unit"": null, ""confidence"": 0, ""reasoning"": ""Demo mode: no match found in source text | Required field with no value \u2014 needs manual entry."", ""status"": ""needs_review""}, ""flow_rate"": {""value"": null, ""unit"": ""m\u00b3/h"", ""confidence"": 0, ""reasoning"": ""Demo mode: no match found in source text | Required field with no value \u2014 needs manual entry."", ""status"": ""needs_review""}, ""head_pressure"": {""value"": null, ""unit"": ""m"", ""confidence"": 0, ""reasoning"": ""Demo mode: no match found in source text | Required field with no value \u2014 needs manual entry."", ""status"": ""needs_review""}, ""power_rating"": {""value"": null, ""unit"": ""kW"", ""confidence"": 0, ""reasoning"": ""Demo mode: no match found in source text | Required field with no value \u2014 needs manual entry."", ""status"": ""needs_review""}, ""material_body"": {""value"": null, ""unit"": null, ""confidence"": 0, ""reasoning"": ""Demo mode: no match found in source text | Required field with no value \u2014 needs manual entry."", ""status"": ""needs_review""}}",2026-08-21T16:49:48.989410+00:00
49-94-1925,"49-94-1925 Milw 10""x1/8""x5/8"" Masonry Cut Off Disc",Milwaukee Accessory (4031),industrial_pump,Manufacturer Part Number: 49-94-1925,0,7,7,"{""manufacturer"": {""value"": ""Part Number: 49-94-1925"", ""unit"": null, ""confidence"": 55, ""reasoning"": ""Demo mode: found keyword match"", ""status"": ""needs_review""}, ""model_number"": {""value"": null, ""unit"": null, ""confidence"": 0, ""reasoning"": ""Demo mode: no match found in source text | Required field with no value \u2014 needs manual entry."", ""status"": ""needs_review""}, ""pump_type"": {""value"": null, ""unit"": null, ""confidence"": 0, ""reasoning"": ""Demo mode: no match found in source text | Required field with no value \u2014 needs manual entry."", ""status"": ""needs_review""}, ""flow_rate"": {""value"": null, ""unit"": ""m\u00b3/h"", ""confidence"": 0, ""reasoning"": ""Demo mode: no match found in source text | Required field with no value \u2014 needs manual entry."", ""status"": ""needs_review""}, ""head_pressure"": {""value"": null, ""unit"": ""m"", ""confidence"": 0, ""reasoning"": ""Demo mode: no match found in source text | Required field with no value \u2014 needs manual entry."", ""status"": ""needs_review""}, ""power_rating"": {""value"": null, ""unit"": ""kW"", ""confidence"": 0, ""reasoning"": ""Demo mode: no match found in source text | Required field with no value \u2014 needs manual entry."", ""status"": ""needs_review""}, ""material_body"": {""value"": null, ""unit"": null, ""confidence"": 0, ""reasoning"": ""Demo mode: no match found in source text | Required field with no value \u2014 needs manual entry."", ""status"": ""needs_review""}}",2026-08-21T16:49:48.990494+00:00
49-94-1935,"49-94-1935 Milw 12""x1/8""x1"" Masonry Cut Off Disc",Milwaukee Accessory (4031),industrial_pump,Manufacturer Part Number: 49-94-1935,0,7,7,"{""manufacturer"": {""value"": ""Part Number: 49-94-1935"", ""unit"": null, ""confidence"": 55, ""reasoning"": ""Demo mode: found keyword match"", ""status"": ""needs_review""}, ""model_number"": {""value"": null, ""unit"": null, ""confidence"": 0, ""reasoning"": ""Demo mode: no match found in source text | Required field with no value \u2014 needs manual entry."", ""status"": ""needs_review""}, ""pump_type"": {""value"": null, ""unit"": null, ""confidence"": 0, ""reasoning"": ""Demo mode: no match found in source text | Required field with no value \u2014 needs manual entry."", ""status"": ""needs_review""}, ""flow_rate"": {""value"": null, ""unit"": ""m\u00b3/h"", ""confidence"": 0, ""reasoning"": ""Demo mode: no match found in source text | Required field with no value \u2014 needs manual entry."", ""status"": ""needs_review""}, ""head_pressure"": {""value"": null, ""unit"": ""m"", ""confidence"": 0, ""reasoning"": ""Demo mode: no match found in source text | Required field with no value \u2014 needs manual entry."", ""status"": ""needs_review""}, ""power_rating"": {""value"": null, ""unit"": ""kW"", ""confidence"": 0, ""reasoning"": ""Demo mode: no match found in source text | Required field with no value \u2014 needs manual entry."", ""status"": ""needs_review""}, ""material_body"": {""value"": null, ""unit"": null, ""confidence"": 0, ""reasoning"": ""Demo mode: no match found in source text | Required field with no value \u2014 needs manual entry."", ""status"": ""needs_review""}}",2026-08-21T16:49:48.991587+00:00
49-94-1940,"49-94-1940 Milw 14""x1/8""x1"" Masonry Cut Off Disc",Milwaukee Accessory (4031),industrial_pump,Manufacturer Part Number: 49-94-1940,0,7,7,"{""manufacturer"": {""value"": ""Part Number: 49-94-1940"", ""unit"": null, ""confidence"": 55, ""reasoning"": ""Demo mode: found keyword match"", ""status"": ""needs_review""}, ""model_number"": {""value"": null, ""unit"": null, ""confidence"": 0, ""reasoning"": ""Demo mode: no match found in source text | Required field with no value \u2014 needs manual entry."", ""status"": ""needs_review""}, ""pump_type"": {""value"": null, ""unit"": null, ""confidence"": 0, ""reasoning"": ""Demo mode: no match found in source text | Required field with no value \u2014 needs manual entry."", ""status"": ""needs_review""}, ""flow_rate"": {""value"": null, ""unit"": ""m\u00b3/h"", ""confidence"": 0, ""reasoning"": ""Demo mode: no match found in source text | Required field with no value \u2014 needs manual entry."", ""status"": ""needs_review""}, ""head_pressure"": {""value"": null, ""unit"": ""m"", ""confidence"": 0, ""reasoning"": ""Demo mode: no match found in source text | Required field with no value \u2014 needs manual entry."", ""status"": ""needs_review""}, ""power_rating"": {""value"": null, ""unit"": ""kW"", ""confidence"": 0, ""reasoning"": ""Demo mode: no match found in source text | Required field with no value \u2014 needs manual entry."", ""status"": ""needs_review""}, ""material_body"": {""value"": null, ""unit"": null, ""confidence"": 0, ""reasoning"": ""Demo mode: no match found in source text | Required field with no value \u2014 needs manual entry."", ""status"": ""needs_review""}}",2026-08-21T16:49:48.992248+00:00
